INSERT INTO MOVIE (id, lenght, title)
VALUES 
(1, 90, 'Black Death') ,
(2, 95, 'Biała śmierć') ,
(3, 120, 'Black Life') , 
(4, 80, 'White Life') ;

INSERT INTO ROOM (id, room_number) VALUES
(1,1),
(2,2),
(3,3);

INSERT INTO SEAT (id,  row_of_seat, number_of_seat)
VALUES 
(1  ,  1, 1),
(2  ,  1, 2),
(3  ,  1, 3),
(4  ,  1, 3),
(5  ,  1, 4),
(6  ,  1, 5),
(7  ,  2, 1),
(8  ,  2, 2),
(9  ,  2, 3),
(10 ,  2, 3),
(11 ,  2, 4),
(12 ,  2, 5),
(13 ,  1, 1),
(14 ,  1, 2),
(15 ,  1, 3),
(16 ,  1, 3),
(17 ,  1, 4),
(18 ,  1, 5),
(19 ,  2, 1),
(20 ,  2, 2),
(21 ,  2, 3),
(22 ,  2, 3),
(23 ,  2, 4),
(24 ,  2, 5),
(25 ,  1, 1),
(26 ,  1, 2),
(27 ,  1, 3),
(28 ,  1, 3),
(29 ,  1, 4),
(30 ,  1, 5),
(31 ,  2, 1),
(32 ,  2, 2),
(33 ,  2, 3),
(34 ,  2, 3),
(35 ,  2, 4),
(36 ,  2, 5);

INSERT INTO ROOM_SEATS (room_id,seats_id, seats_key ) VALUES
(1, 1 ,1 ),
(1, 2 ,2 ),
(1, 3 ,3 ),
(1, 4 ,4 ),
(1, 5 ,5 ),
(1, 6 ,6 ),
(1, 7 ,7 ),
(1, 8 ,8 ),
(1, 9 ,9 ),
(1, 10,10),
(1, 11,11),
(1, 12,12),
(2, 13,13),
(2, 14,14),
(2, 15,15),
(2, 16,16),
(2, 17,17),
(2, 18,18),
(2, 19,19),
(2, 20,20),
(2, 21,21),
(2, 22,22),
(2, 23,23),
(2, 24,24),
(3, 25,25),
(3, 26,26),
(3, 27,27),
(3, 28,28),
(3, 29,29),
(3, 30,30),
(3, 31,31),
(3, 32,32),
(3, 33,33),
(3, 34,34),
(3, 35,35),
(3, 36,36);

INSERT INTO SCREENING (day_of_screening,time_of_screening, movie_id, room_id ) VALUES
(TO_DATE('1/10/2019', 'DD/MM/YYYY'), TO_DATE('18:30', 'HH24:Mi'), 1,1),
(TO_DATE('2/10/2019', 'DD/MM/YYYY'), TO_DATE('20:00', 'HH24:Mi'), 2,1),
(TO_DATE('2/10/2019', 'DD/MM/YYYY'), TO_DATE('17:50', 'HH24:Mi'), 2,2),
(TO_DATE('1/10/2019', 'DD/MM/YYYY'), TO_DATE('20:00', 'HH24:Mi'), 3,2),
(TO_DATE('1/10/2019', 'DD/MM/YYYY'), TO_DATE('21:00', 'HH24:Mi'), 4,3),
(TO_DATE('1/10/2019', 'DD/MM/YYYY'), TO_DATE('18:00', 'HH24:Mi'), 2,3);





